,training_accuracy,validation_accuracy,testset_accuracy
count,18.0,18.0,18.0
mean,0.8240712826797386,0.24215277777777777,0.24830774853801169
std,0.004925618557681083,0.08545918955890794,0.09074260076182285
min,0.8180220588235294,0.0625,0.07138157894736842
25%,0.8204191176470588,0.17125,0.17463815789473683
50%,0.8231764705882353,0.245625,0.24914473684210525
75%,0.8261534926470588,0.3153125,0.3285197368421052
max,0.8347426470588235,0.3675,0.36782894736842103
