{
    "code": "capg_dba_v001",
    "package": "torch",
    "dataset": "capg",
    "subdataset": "dba",
    "hparams": {
        "model_name": "capg_dba_v001_2022_12_23_15_12_29",
        "in_features": 128,
        "out_features": 8,
        "in_seq_len_sec": 0.1,
        "out_seq_len_sec": 0,
        "data_sampling_rate_Hz": 1000.0,
        "data_downsampling": 5,
        "sequence_downsampling": 1,
        "in_seq_len": 32,
        "out_seq_len": 1,
        "validation_data": [
            0.05,
            "trainset"
        ],
        "num_conv_blocks": 2,
        "conv_channels": [
            32,
            64
        ],
        "conv_kernel_size": 3,
        "conv_padding": "valid",
        "conv_activation": "relu",
        "conv_activation_params": null,
        "conv_batchnorm": "before",
        "conv_batchnorm_params": null,
        "conv_stride": 1,
        "conv_dropout": 0.1,
        "pool_padding": 0,
        "pool_kernel_size": 2,
        "pool_stride": 1,
        "min_image_size": 4,
        "dense_width": [
            64,
            32
        ],
        "dense_depth": 2,
        "dense_dropout": 0.1,
        "dense_activation": "relu",
        "dense_activation_params": null,
        "output_activation": null,
        "output_activation_params": null,
        "dense_batchnorm": "before",
        "dense_batchnorm_params": null,
        "l2_reg": null,
        "batch_size": 256,
        "epochs": 40,
        "validation_tolerance_epochs": 5,
        "learning_rate": 0.01,
        "learning_rate_decay_gamma": 0.85,
        "loss_function": "crossentropy",
        "optimizer": "adam",
        "optimizer_params": null
    },
    "training_history": {
        "training_loss": [
            1.1907633940750193,
            0.7434972457796614,
            0.6025353848934174,
            0.5110756724794334,
            0.4563626380167275,
            0.41433013922700257,
            0.3818171905579968,
            0.35272086627572496,
            0.33765669860572456,
            0.3176844999054882,
            0.3009880020518169,
            0.2944581982409843,
            0.28120246423739137,
            0.2718908546405418,
            0.2649346034939044,
            0.2555771893151453,
            0.2564289867042381,
            0.2510263079376978,
            0.24369001999915202,
            0.24629410636202198,
            0.23835004414910468,
            0.23794377361224076,
            0.2362961266642419,
            0.2342299509271283,
            0.22980124596680437,
            0.23401183306335288,
            0.2309352551108209,
            0.22945598844334344
        ],
        "validation_loss": [
            0.6710813929294718,
            0.45477261008887454,
            0.31004218603002615,
            0.23908666803919035,
            0.20603859835657581,
            0.16732471461953788,
            0.1488685386961904,
            0.12152807324610908,
            0.12612077067124433,
            0.096639361617894,
            0.0935373586313478,
            0.08382432085686717,
            0.07466788776218891,
            0.07633164036890557,
            0.07100701820233772,
            0.06838483517539912,
            0.0719558456591491,
            0.06222537750827855,
            0.06060606286186596,
            0.05976282105106732,
            0.05681178577501198,
            0.05586414392395266,
            0.06555737221035464,
            0.05689250099761733,
            0.056067591854210556,
            0.05656760815402557,
            0.0613108098763844,
            0.056035578122426724
        ],
        "learning_rate": [
            [
                0.0085
            ],
            [
                0.0072250000000000005
            ],
            [
                0.00614125
            ],
            [
                0.0052200625
            ],
            [
                0.004437053125
            ],
            [
                0.0037714951562499996
            ],
            [
                0.0032057708828124995
            ],
            [
                0.0027249052503906246
            ],
            [
                0.002316169462832031
            ],
            [
                0.0019687440434072263
            ],
            [
                0.0016734324368961424
            ],
            [
                0.001422417571361721
            ],
            [
                0.0012090549356574627
            ],
            [
                0.0010276966953088433
            ],
            [
                0.0008735421910125168
            ],
            [
                0.0007425108623606393
            ],
            [
                0.0006311342330065434
            ],
            [
                0.0005364640980555619
            ],
            [
                0.00045599448334722757
            ],
            [
                0.0003875953108451434
            ],
            [
                0.0003294560142183719
            ],
            [
                0.00028003761208561615
            ],
            [
                0.00023803197027277373
            ],
            [
                0.00020232717473185767
            ],
            [
                0.00017197809852207902
            ],
            [
                0.00014618138374376715
            ],
            [
                0.00012425417618220207
            ],
            [
                0.00010561604975487176
            ]
        ],
        "training_metrics": [
            0.5298245614035088,
            0.7261549707602339,
            0.7827119883040936,
            0.8193932748538012,
            0.8395979532163743,
            0.8568494152046784,
            0.8686842105263158,
            0.8792690058479532,
            0.885109649122807,
            0.8928728070175439,
            0.8985380116959064,
            0.9011330409356725,
            0.905233918128655,
            0.9088230994152047,
            0.9119444444444444,
            0.9147880116959064,
            0.9146125730994152,
            0.915796783625731,
            0.9187865497076023,
            0.9189254385964912,
            0.9210964912280701,
            0.9207309941520467,
            0.9227704678362573,
            0.9224195906432748,
            0.9239400584795322,
            0.9222733918128655,
            0.9239327485380117,
            0.9243859649122808
        ],
        "validation_metrics": [
            0.7733333333333333,
            0.8411111111111111,
            0.9018055555555555,
            0.9325,
            0.9351388888888889,
            0.9519444444444445,
            0.9608333333333333,
            0.9725,
            0.9694444444444444,
            0.9751388888888889,
            0.9748611111111111,
            0.9793055555555555,
            0.9806944444444444,
            0.9833333333333333,
            0.9843055555555555,
            0.9855555555555555,
            0.9827777777777778,
            0.9858333333333333,
            0.9855555555555555,
            0.9855555555555555,
            0.9865277777777778,
            0.9879166666666667,
            0.9879166666666667,
            0.9870833333333333,
            0.9868055555555556,
            0.9873611111111111,
            0.9869444444444444,
            0.9881944444444445
        ]
    }
}